player_id,session_id,task,amount_spent($),timestamp,login_time,logout_time
P071,S8722,logout,0,24-08-2025 17:47,10-08-2025 00:25,10-08-2025 03:07
P080,S6982,login,0,18-08-2025 00:34,24-08-2025 08:11,24-08-2025 09:23
P071,S4902,login,0,14-08-2025 00:19,21-08-2025 17:24,21-08-2025 19:12
P068,S4049,login,0,23-08-2025 19:46,06-08-2025 19:44,06-08-2025 21:40
P013,S9025,logout,0,09-08-2025 06:59,24-08-2025 20:22,24-08-2025 21:30
P039,S9702,logout,0,01-08-2025 04:42,23-08-2025 04:36,23-08-2025 05:00
P007,S6561,play,161.38,10-08-2025 00:45,27-08-2025 18:25,27-08-2025 20:24
P040,S6029,purchase,195.41,01-08-2025 04:20,24-08-2025 20:35,24-08-2025 21:38
P073,S2899,login,0,03-08-2025 21:30,27-08-2025 08:03,27-08-2025 09:38
P057,S5189,login,0,16-08-2025 04:52,29-08-2025 15:34,29-08-2025 17:19
P044,S6109,purchase,93.85,26-08-2025 05:07,07-08-2025 15:26,07-08-2025 16:02
P003,S7591,login,0,09-08-2025 08:20,21-08-2025 21:51,21-08-2025 23:29
P068,S9837,login,0,12-08-2025 06:31,01-08-2025 16:44,01-08-2025 17:54
P007,S7060,logout,0,13-08-2025 17:39,20-08-2025 18:45,20-08-2025 20:10
P024,S9735,play,160.47,29-08-2025 00:08,09-08-2025 12:06,09-08-2025 15:01
P050,S2097,logout,0,07-08-2025 18:11,02-08-2025 11:01,02-08-2025 12:42
P068,S4905,login,0,17-08-2025 00:53,24-08-2025 18:46,24-08-2025 21:40
P011,S5883,login,0,08-08-2025 18:44,02-08-2025 15:18,02-08-2025 16:07
P033,S7687,play,61.28,18-08-2025 10:44,09-08-2025 15:51,09-08-2025 18:09
P025,S1815,logout,0,04-08-2025 20:24,28-08-2025 12:48,28-08-2025 14:07
P054,S5962,logout,0,05-08-2025 20:08,26-08-2025 19:22,26-08-2025 21:56
P019,S5309,purchase,113.35,23-08-2025 04:32,16-08-2025 12:38,16-08-2025 13:30
P019,S4790,login,0,13-08-2025 10:06,25-08-2025 01:47,25-08-2025 04:46
P021,S4407,logout,0,17-08-2025 23:23,01-08-2025 14:15,01-08-2025 17:10
P076,S2827,purchase,58.03,29-08-2025 23:10,10-08-2025 23:33,10-08-2025 23:49
P039,S5451,logout,0,04-08-2025 23:41,03-08-2025 14:52,03-08-2025 15:35
P039,S9894,logout,0,22-08-2025 16:47,05-08-2025 04:43,05-08-2025 05:48
P026,S9190,purchase,67.64,14-08-2025 05:17,02-08-2025 16:33,02-08-2025 17:54
P036,S4417,login,0,12-08-2025 14:42,18-08-2025 12:10,18-08-2025 13:21
P054,S7976,login,0,21-08-2025 08:59,29-08-2025 11:27,29-08-2025 14:16
P014,S1368,play,122.79,27-08-2025 00:05,14-08-2025 07:48,14-08-2025 08:12
P030,S1608,purchase,116.24,01-08-2025 05:51,20-08-2025 10:42,20-08-2025 12:43
P032,S7042,logout,0,08-08-2025 19:57,30-08-2025 16:21,30-08-2025 18:27
P057,S1297,play,16.98,29-08-2025 15:32,22-08-2025 01:11,22-08-2025 03:08
P017,S4635,login,0,16-08-2025 00:42,15-08-2025 01:43,15-08-2025 03:13
P073,S3773,play,97.13,21-08-2025 13:15,30-08-2025 06:04,30-08-2025 08:55
P078,S7566,login,0,18-08-2025 09:00,18-08-2025 06:47,18-08-2025 08:14
P008,S5705,login,0,02-08-2025 23:54,23-08-2025 15:45,23-08-2025 16:05
P068,S3980,purchase,155.63,25-08-2025 05:21,10-08-2025 08:14,10-08-2025 10:36
P045,S4065,logout,0,24-08-2025 09:52,25-08-2025 15:34,25-08-2025 16:04
P034,S7322,logout,0,24-08-2025 07:08,16-08-2025 17:35,16-08-2025 19:15
P027,S9282,purchase,163.69,16-08-2025 22:20,28-08-2025 17:18,28-08-2025 19:47
P013,S8865,logout,0,14-08-2025 15:17,03-08-2025 05:55,03-08-2025 08:44
P060,S3690,purchase,29.83,30-08-2025 12:56,12-08-2025 20:43,12-08-2025 23:25
P010,S7454,logout,0,23-08-2025 16:35,10-08-2025 12:33,10-08-2025 14:05
P041,S1107,play,38.61,02-08-2025 03:45,17-08-2025 10:18,17-08-2025 10:31
P040,S6833,purchase,119.89,01-08-2025 09:25,08-08-2025 23:46,09-08-2025 02:16
P001,S6077,logout,0,03-08-2025 01:23,18-08-2025 04:39,18-08-2025 07:00
P059,S1035,play,84.77,11-08-2025 17:55,29-08-2025 12:28,29-08-2025 15:13
P034,S1070,purchase,117.68,09-08-2025 02:47,30-08-2025 07:13,30-08-2025 08:02
P029,S1210,login,0,28-08-2025 05:55,12-08-2025 15:28,12-08-2025 16:00
P033,S9817,purchase,169.31,05-08-2025 08:08,03-08-2025 18:17,03-08-2025 21:07
P020,S9011,logout,0,03-08-2025 06:02,29-08-2025 15:33,29-08-2025 17:36
P017,S8342,play,163.73,13-08-2025 23:07,22-08-2025 17:21,22-08-2025 19:19
P063,S8029,logout,0,22-08-2025 07:14,16-08-2025 21:49,16-08-2025 23:10
P022,S1492,play,143.14,25-08-2025 16:27,09-08-2025 20:04,09-08-2025 22:17
P022,S6537,purchase,76.12,20-08-2025 15:01,16-08-2025 10:51,16-08-2025 13:07
P026,S3205,purchase,67.68,16-08-2025 17:55,16-08-2025 07:47,16-08-2025 09:09
P064,S1150,purchase,116.78,11-08-2025 23:27,14-08-2025 05:48,14-08-2025 06:54
P040,S7963,login,0,24-08-2025 07:58,03-08-2025 01:15,03-08-2025 02:12
P073,S4969,login,0,19-08-2025 02:04,08-08-2025 15:33,08-08-2025 16:40
P037,S1138,login,0,04-08-2025 20:05,19-08-2025 23:58,20-08-2025 02:53
P050,S4349,play,175.78,15-08-2025 02:15,05-08-2025 02:02,05-08-2025 03:46
P017,S4108,login,0,17-08-2025 01:20,18-08-2025 11:53,18-08-2025 13:53
P033,S9456,login,0,16-08-2025 00:26,01-08-2025 17:26,01-08-2025 18:58
P047,S8047,login,0,27-08-2025 15:08,02-08-2025 18:33,02-08-2025 20:18
P004,S1596,purchase,15.83,25-08-2025 08:03,16-08-2025 07:08,16-08-2025 09:44
P001,S6915,purchase,41.39,09-08-2025 08:52,12-08-2025 06:15,12-08-2025 06:25
P063,S5842,login,0,25-08-2025 11:30,22-08-2025 16:48,22-08-2025 18:32
P040,S5705,purchase,127.79,27-08-2025 20:59,27-08-2025 09:40,27-08-2025 11:55
P013,S6487,logout,0,12-08-2025 02:03,20-08-2025 16:45,20-08-2025 19:24
P044,S4341,play,190.85,08-08-2025 14:57,10-08-2025 17:50,10-08-2025 19:48
P066,S5564,login,0,23-08-2025 10:01,22-08-2025 02:50,22-08-2025 03:57
P024,S9791,login,0,05-08-2025 23:45,07-08-2025 14:41,07-08-2025 17:37
P053,S8269,login,0,26-08-2025 01:50,06-08-2025 20:57,06-08-2025 23:51
P015,S6768,login,0,10-08-2025 14:40,12-08-2025 15:58,12-08-2025 17:54
P022,S4368,login,0,09-08-2025 16:36,17-08-2025 06:35,17-08-2025 06:57
P075,S5220,logout,0,21-08-2025 15:15,02-08-2025 20:44,02-08-2025 20:58
P055,S5848,purchase,113.91,21-08-2025 23:39,14-08-2025 11:06,14-08-2025 12:31
P072,S1199,play,21.3,05-08-2025 10:59,14-08-2025 20:09,14-08-2025 21:53
